-4.036665,8.262657
-2.670649,8.866809
-2.470647,7.344740
-4.051502,7.889494
-4.359749,7.777019
-2.017470,9.052088
-1.375430,8.473622
-4.747141,7.898965
-0.626585,10.526117
-3.263291,5.580035
-4.450936,6.077503
-4.775608,7.322966
-0.175951,5.706297
-3.786203,7.492443
-4.777364,8.812687
-2.422772,7.296258
-3.841111,8.032020
-0.425065,10.157160
-2.755482,8.435856
-3.403192,7.495418
-3.072962,5.441127
-5.478969,10.276679
-1.559309,7.350258
-2.010290,9.481403
-3.104340,8.675598
-2.841606,7.135318
-1.042235,7.317764
-3.410875,9.006872
-1.094117,10.415879
-3.503123,5.911107
-2.400667,7.505523
-3.477553,7.830223
-1.434508,8.288249
-6.699453,8.005038
-3.904946,7.190163
-2.075376,8.015138
-2.907234,8.858477
-2.217072,6.986826
-5.397019,5.403571
-1.708394,7.719393
-5.817743,8.812727
-3.151833,7.587863
-3.512536,7.085073
-2.387656,10.077158
-2.521288,7.241184
-1.701107,8.471976
-4.736694,8.189645
-3.398269,7.276599
-4.420262,6.757938
-3.567053,7.684061
-1.691867,7.067378
-0.755186,7.548786
-5.497401,7.454436
-2.415643,6.278056
-2.987646,8.206845
-3.720132,7.538160
-4.698513,7.891001
-2.591088,7.445998
-1.732986,6.679217
-4.477589,9.218310
-6.282093,6.242260
-0.819448,6.888674
-5.170106,7.663199
-0.710785,8.085288
-2.787076,9.640822
-3.719554,6.173991
-1.391831,7.420595
-3.912907,4.047880
-0.839899,8.138221
-4.827728,9.289102
-3.357207,7.811178
-1.313831,6.988187
-2.759158,8.128154
-2.514040,9.555593
-2.086176,9.608584
-2.399976,4.788012
-2.881215,10.116309
-3.344584,9.532928
-1.470388,8.048740
-3.823234,8.436349
-3.917663,5.933129
-0.682380,6.205867
-3.249821,8.464027
-0.907246,7.415431
-3.359506,9.012289
-1.944916,8.778479
-4.269816,7.778825
-1.722729,6.464673
-4.306888,8.408642
-2.217801,7.333183
-2.649225,9.510995
-2.866492,4.193873
-1.901892,7.455228
-3.149742,9.233794
-1.353655,8.795399
-3.926265,7.914489
-4.143585,9.825656
-3.156088,6.201039
-3.597813,8.936691
-4.363309,7.581450
-2.285907,9.153996
-3.772315,7.974947
-3.527081,7.471081
-3.623886,7.034683
-4.458488,9.256411
-4.221117,7.149633
-4.673101,8.874060
-1.269198,7.793253
-1.441629,7.452941
-2.333088,8.059118
-4.821337,7.103682
-3.144517,10.265208
-3.586592,9.854877
-4.652365,6.823685
-6.306430,8.893519
-2.226589,9.114926
-4.195430,7.557841
-3.989790,6.766094
0.601182,6.814312
-2.313862,6.661928
-2.246911,8.211148
-2.987600,9.131663
-2.667914,6.293245
-2.803089,9.055674
-3.572080,7.735238
-0.892450,8.866523
-5.192356,10.118353
-2.969031,7.016745
-2.910759,9.821906
-1.666821,8.245754
-2.646626,7.915009
-0.656215,9.127726
-4.794142,7.853242
-0.148266,9.236531
-4.495527,10.333171
-2.474094,7.310139
-4.628751,8.776192
-2.723451,8.429293
-2.752301,7.088458
-3.197530,5.999326
-2.115839,7.458101
-2.130666,10.901703
-5.417155,6.717890
-4.053517,8.798476
-3.832009,5.193357
-1.755563,9.786568
-3.997517,6.197830
-1.733069,8.835194
-4.085621,7.211795
-2.186915,8.565272
-4.199885,9.840864
-2.723375,8.819007
-5.452370,6.658730
-4.465526,9.380028
-3.133796,8.324102
-3.233549,9.212809
-0.878900,8.738904
-1.975535,9.191579
-3.967384,7.600330
-2.850473,6.091436
-2.443031,9.518800
-3.812161,8.795204
-4.377900,8.592683
-3.769025,9.667097
-5.704978,8.399020
-3.345904,8.617766
1.574180,9.161412
-0.865471,6.802264
-2.614824,8.037349
-3.835347,5.467327
-3.527649,7.038183
-3.063036,8.169000
-1.854350,7.700219
-3.454134,9.689805
-4.109054,7.957935
-4.194606,11.600090
-4.093723,7.582399
-2.834853,6.743931
-2.797810,8.809444
-2.880254,8.622484
-3.547414,8.186867
-4.042534,10.042113
-4.106172,8.067501
-4.525897,6.811281
-2.197916,6.321341
-1.962380,10.413636
-3.468062,8.401457
-2.522660,6.739037
-2.214272,7.357580
-2.518444,10.850668
-2.729624,7.889699
-1.953669,8.611192
-4.229153,8.061029
-2.625459,3.876729
-5.820926,8.163838
-3.382822,10.192409
-1.651351,10.307719
-2.677182,9.858761
-1.744027,8.045923
-2.220019,6.921021
-8.994588,-0.956119
-9.436380,0.144047
-9.077339,-0.822786
-9.035446,0.295346
-8.863025,1.549331
-10.485020,-1.217876
-9.492314,-2.722907
-9.980060,-0.347595
-9.354329,-0.863741
-10.938249,-0.116707
-8.780436,-0.698146
-9.025319,1.293140
-10.612159,-0.163202
-11.496037,-2.141659
-8.828381,3.094023
-7.896046,0.551276
-9.646426,-0.837284
-8.067167,1.272615
-7.511291,-2.937150
-7.894622,1.101912
-10.232168,-2.781403
-8.805160,0.410364
-8.336912,-0.907262
-9.250972,0.069667
-9.852460,-0.979574
-9.364401,3.717160
-9.149122,2.027540
-7.303657,3.768390
-9.658406,0.266850
-6.007789,2.809753
-6.674179,0.639272
-9.198472,0.794794
-7.675395,0.594218
-8.291877,1.545595
-8.202564,-3.915291
-7.472027,1.046260
-8.524556,-0.325323
-9.580743,0.709701
-8.094936,-2.538412
-8.965099,-0.124403
-7.009742,1.915716
-9.517379,2.802073
-6.915158,1.557880
-7.416038,-0.051510
-10.762181,0.566885
-9.245663,0.148816
-10.558128,3.067493
-7.786053,2.160659
-9.026563,-1.357702
-8.482540,0.085613
-9.515386,1.607221
-9.924027,-0.711756
-12.057410,1.809020
-7.683285,-0.912299
-9.311187,-0.858348
-8.163604,0.934971
-8.995584,1.749177
-9.275011,-1.101877
-7.433161,2.293339
-8.394188,-0.617515
-8.474849,-3.029993
-9.020413,-0.524741
-8.309529,-1.074724
-8.865354,0.115647
-9.265940,-2.700182
-6.708762,1.017176
-9.559368,2.105672
-6.522309,-2.072685
-8.957426,1.090642
-8.876031,-1.457106
-9.752742,0.430188
-7.856658,-1.009420
-9.244156,-0.857578
-8.753499,-0.677816
-9.515190,0.681485
-9.041100,0.329237
-8.642801,-0.552495
-10.847880,1.381966
-9.711646,-0.988718
-9.292411,0.130267
-8.363847,-0.931170
-9.419992,-0.214692
-8.438414,2.278152
-7.564989,0.126590
-10.149681,-0.379978
-10.526785,1.624528
-8.630840,1.498903
-9.984262,1.459810
-10.357309,0.670942
-8.765190,-0.227334
-8.019433,-0.556182
-6.980225,0.511556
-11.612350,-0.946348
-7.950449,-0.294505
-9.357190,-0.144200
-9.275671,0.226846
-10.087082,-2.980077
-8.572585,-0.258968
-7.198987,1.673046
-11.209753,1.906553
-8.090955,-0.449281
-8.835510,1.480093
-7.383202,1.153300
-7.347346,0.701723
-7.878305,0.663639
-8.920256,0.975266
-10.133193,-0.916147
-9.817052,-0.119143
-9.629022,0.308648
-9.570005,-0.514978
-9.919868,-1.202730
-7.317725,2.205322
-7.434398,-1.069078
-9.961152,-1.481753
-10.005699,-0.381634
-7.015317,-2.413222
-9.580261,-0.989270
-11.870371,0.691268
-8.642188,1.026909
-10.173295,-2.729848
-6.509105,-1.023124
-9.040031,2.718091
-9.131782,1.452115
-8.041487,-0.377526
-10.532130,-1.144769
-6.449664,-0.851114
-10.126210,-1.338175
-7.667588,0.372355
-7.738633,-2.568188
-8.591603,0.557127
-8.675751,0.044196
-8.686170,0.640983
-8.745319,1.780830
-8.571169,-1.478889
-7.413227,0.809213
-7.363209,0.100656
-10.519352,-1.144912
-10.789104,1.362007
-8.790583,0.060116
-8.474910,0.149568
-9.612648,-0.625041
-9.093721,1.062047
-10.045059,-0.735125
-10.266446,0.704245
-7.438519,-0.870126
-8.501811,-1.151468
-9.303293,-0.577934
-8.837181,-1.026926
-11.258223,-2.240652
-9.479546,1.332711
-6.803008,0.495363
-9.079230,-0.637627
-8.650976,1.572572
-9.699790,-0.305045
-10.040452,-0.476876
-9.252699,1.936265
-9.605207,-2.333613
-9.193311,-0.560994
-8.887596,-3.483195
-10.455482,1.043839
-9.313160,-0.913379
-7.402220,1.095600
-11.494478,-0.755777
-9.368471,-0.418937
-8.572887,1.034103
-10.749895,1.510835
-9.541794,-0.943000
-10.636568,0.554081
-7.958189,-1.416859
-7.580315,-0.808565
-7.491220,1.381526
-10.149238,-0.446643
-9.970560,0.875614
-8.072644,-0.205355
-10.907130,0.761390
-5.337872,0.236639
-10.869968,3.756384
-8.084035,0.350769
-9.134207,-1.623982
-7.452926,-0.922098
-8.951929,-1.928589
-10.752544,-0.670113
-9.413953,-0.505824
-8.696622,-1.335297
-10.213808,-0.109193
-10.375937,-1.515365
-7.145552,-1.375106
-9.856062,0.519803
-8.644709,0.724308
-8.670805,0.040461
-9.968537,-1.633621
-8.205050,-0.129839
-7.371988,0.391863
-9.654334,0.385608
-8.815860,-1.319468
-9.892091,-0.446855
-8.400821,0.074939
-7.239188,0.647216
-8.267299,-0.522741
-8.096659,-0.078952
-6.994553,8.948986
-3.428731,8.488819
-7.416122,8.368613
-5.302129,7.053608
-5.149951,8.139113
-9.042852,7.981589
-5.298721,10.175818
-7.740153,9.150588
-5.079883,8.524472
-5.039131,8.318681
-6.506370,6.842391
-6.757404,11.104787
-4.372445,8.177871
-5.400567,8.164156
-5.174447,9.453711
-4.117677,7.640350
-6.467893,8.507936
-5.368680,10.484920
-7.444263,7.918489
-5.392518,8.244272
-4.990271,6.200253
-6.415894,9.723922
-8.043454,10.255280
-7.249291,7.943880
-7.267286,8.221177
-4.806630,10.412868
-7.535661,11.139464
-6.241951,7.441147
-3.041555,8.786460
-3.994815,6.841507
-5.024729,9.283654
-6.816632,8.769330
-7.175478,9.013434
-6.165598,7.348430
-6.523600,9.010513
-9.525275,9.138500
-9.888027,9.926226
-8.945705,9.568047
-5.951812,8.777143
-8.023940,8.012660
-6.860464,10.330560
-4.330248,7.048524
-4.487312,8.535258
-5.015731,6.881818
-6.605253,9.941484
-3.514345,9.952879
-5.170782,9.085226
-9.875464,7.668570
-6.814133,8.817689
-6.755323,9.227857
-7.126143,6.440864
-5.706808,7.761164
-6.992255,8.623432
-7.466629,8.985486
-5.235247,9.944574
-3.806270,9.154360
-8.049985,7.030493
-5.767002,11.298831
-3.341201,9.131366
-6.748213,8.132730
-4.471575,8.032804
-4.578586,8.321856
-4.314315,6.938583
-7.169366,10.556086
-5.779587,9.985750
-7.587850,8.023297
-4.456218,7.583451
-6.849459,8.579271
-4.903450,6.225597
-5.069439,9.267632
-4.066824,10.138507
-6.829628,9.023795
-6.181184,8.378319
-5.370637,8.403797
-6.136253,8.608334
-4.352457,8.278585
-5.987139,10.122710
-3.456063,7.614349
-6.577979,6.504354
-4.533318,8.021862
-5.192307,7.408094
-5.016089,7.654250
-5.129878,9.567403
-4.527426,7.865361
-6.910695,10.236303
-4.339174,8.597307
-7.094957,9.285736
-6.774891,6.025536
-3.116060,8.739525
-6.704909,9.096692
-4.071445,8.099685
-5.579221,10.450400
-6.967613,9.135342
-4.848012,8.557479
-4.629100,10.404687
-7.895238,8.438900
-6.045309,10.745808
-6.959089,10.147945
-5.042934,7.730226
-4.425113,6.394580
-4.048582,9.455952
-5.988178,7.807066
-6.519325,8.024887
-4.438649,8.388067
-4.463640,10.637627
-2.024547,7.745553
-5.815718,7.897640
-8.613853,8.359160
-3.263092,9.431351
-5.524757,9.157996
-7.883708,8.415913
-6.705202,7.705648
-9.116615,9.308734
-5.239721,9.636095
-5.831126,8.404905
-4.933614,8.351998
-5.047607,10.972959
-5.268668,8.594980
-9.007052,9.072077
-6.689696,11.082290
-5.799387,8.411589
-4.906351,9.279524
-5.797263,6.393336
-5.239506,8.889187
-6.138588,7.194294
-7.070489,8.888844
-8.609577,7.000232
-7.660922,7.906800
-4.859406,9.844569
-4.759150,8.943124
-3.324799,8.144056
-4.549738,7.286444
-5.913579,9.155773
-7.000299,9.523313
-6.352379,7.640437
-3.336580,10.472923
-6.358089,10.797345
-6.033461,8.119259
-3.552030,9.227554
-6.875704,8.079770
-6.431538,9.097121
-4.673539,9.846747
-6.919492,7.210021
-4.914475,9.527373
-5.091786,8.368708
-6.712849,6.660015
-7.730311,10.293550
-7.180850,9.657807
-5.775715,9.511616
-7.212702,8.889566
-5.418002,6.672186
-6.105680,8.704323
-5.876332,7.639709
-5.747648,8.702991
-7.351073,10.758769
-8.424920,10.003077
-4.572740,11.817367
-7.466379,9.707538
-5.597532,10.315151
-7.757086,6.971909
-3.766274,9.269009
-9.376405,8.077435
-3.159441,11.166943
-3.568249,10.346992
-5.945359,8.255887
-8.124879,10.390038
-6.366828,10.983019
-4.543586,10.049929
-5.810185,8.353588
-10.021499,8.417890
-5.771054,9.075414
-5.302286,8.396303
-6.981890,8.937562
-7.188865,8.700586
-7.893735,11.199050
-5.970427,10.101016
-3.384978,9.927679
-7.274136,11.475819
-5.056334,8.855336
-5.747936,10.469683
-6.273177,9.504829
-6.861613,9.157307
-5.224864,9.512357
-6.318065,7.436484
-4.866523,7.072655
-5.548846,9.677025
-8.382747,9.134494
-4.947299,8.636556
-8.251860,8.745519
-3.826031,7.358578
-6.976086,10.630454
-6.123486,11.076593
-6.244858,8.813971
-4.623160,9.059522
-4.917471,7.158953
-6.449710,10.275737
-5.247905,8.696233
-4.327999,11.620799
-6.347125,10.324058
-5.868709,8.815633
-3.439645,-6.544202
-4.718621,-5.477794
-2.714745,-3.710868
-3.004348,-4.876929
-4.356919,-4.508657
-2.981610,-4.242183
-4.431819,-6.507284
-2.248117,-6.467039
-3.221010,-4.118014
-6.220906,-3.846978
-3.344970,-3.455510
-7.005216,-3.304731
-3.578809,-4.452024
-4.466102,-4.180739
-2.389165,-5.482914
-4.819993,-6.941295
-5.785711,-4.611647
-4.965895,-4.924942
-3.249522,-3.045997
-7.371101,-5.689696
-3.458609,-5.210827
-3.176516,-4.607904
-4.272035,-1.617393
-5.473268,-4.211842
-3.850462,-6.002983
-6.179312,-4.744341
-5.384156,-3.429132
-2.553661,-4.258585
-6.529599,-6.004234
-4.969560,-3.552186
-3.859364,-5.065254
-2.959029,-5.019580
-1.766761,-5.921385
-3.588484,-4.883121
-5.860246,-5.167482
-3.466506,-2.972129
-4.719096,-5.208892
-4.581513,-5.339939
-2.300864,-4.714393
-7.614722,-3.610820
-5.439569,-3.635055
-3.462595,-4.670911
-4.168048,-4.495433
-3.313242,-3.379448
-4.392811,-5.889677
-3.956713,-3.688457
-2.215935,-3.570650
-1.488992,-3.912261
-3.622945,-5.556329
-3.315360,-4.965664
-2.869503,-6.597430
-4.198448,-4.728853
-3.114356,-4.317334
-1.766867,-4.864690
-4.156744,-5.154889
-4.950471,-4.307847
-4.295455,-3.737781
-4.855769,-7.884495
-2.117715,-5.299657
-2.548400,-5.686230
-2.449792,-6.493177
-0.811248,-5.864400
-2.257638,-4.602804
-1.822638,-4.434786
-4.994828,-4.763176
-5.178966,-5.041363
-4.823317,-4.165266
-5.420700,-5.904243
-4.990893,-4.974273
-6.854388,-5.243388
-5.981126,-5.542510
-2.215699,-4.805774
-5.559273,-5.374218
-3.689483,-6.399299
-6.392983,-5.146452
-3.268707,-4.818573
-4.690049,-4.660457
-3.192864,-6.479911
-4.206406,-2.281501
-3.096664,-5.284597
-2.822593,-4.901827
-3.658859,-4.626509
-4.673227,-4.966084
-1.909202,-5.127187
-2.246218,-5.654736
-5.823313,-6.900203
-5.374634,-3.446424
-4.417021,-6.692125
-4.109437,-5.398748
-3.579908,-6.751861
-3.892115,-4.261020
-3.853238,-4.176691
-5.236523,-3.449326
-3.132448,-4.977155
-6.902021,-5.833670
-1.929361,-4.244882
-4.245654,-4.127829
-2.151800,-3.875053
-1.585982,-4.323336
-2.639635,-6.292493
-3.570084,-7.488709
-1.395627,-5.030321
-4.157047,-5.494223
-1.688222,-3.776280
-1.637578,-5.543318
-5.928359,-4.158570
-4.707403,-7.566232
-3.199814,-5.350607
-3.840122,-4.336901
-3.760632,-3.518871
-2.107635,-2.810123
-2.099011,-5.240276
-3.391188,-5.732515
-5.711411,-7.093688
-4.002761,-6.047261
-3.856739,-6.050221
-4.227726,-3.528766
-4.331119,-4.400382
-3.718383,-5.071229
-3.664181,-6.608143
-2.907009,-5.051216
-3.455756,-3.114245
-3.159582,-4.168119
-2.989630,-5.484659
-2.321881,-4.178810
-4.694826,-4.762819
-5.813929,-4.166608
-4.657130,-5.704103
-5.435832,-5.628929
-4.722922,-6.668232
-4.140183,-4.870951
-2.406728,-5.662748
-3.481811,-7.774412
-4.757123,-3.109646
-3.226862,-4.935542
-4.073474,-5.324706
-6.046121,-5.211098
-3.060513,-4.776198
-5.338919,-4.844453
-1.628004,-5.043526
-1.689136,-5.561011
-2.349716,-4.362964
-2.902796,-5.915877
-3.135751,-5.098922
-7.693509,-7.523235
-6.083286,-1.912793
-4.401293,-6.032212
-3.993927,-5.200751
-4.250904,-3.762987
-3.438802,-5.731622
-4.417397,-4.128606
-3.647030,-6.055801
-5.122973,-4.878030
-2.715271,-5.024960
-6.596035,-6.676426
-5.383701,-4.636361
-3.365765,-5.169495
-6.375074,-6.414126
-6.046914,-5.246937
-4.358743,-3.932697
-3.293610,-4.749518
-4.151566,-4.209138
-3.905583,-4.912961
-3.358206,-6.094664
-3.007509,-4.064619
-4.766918,-4.998079
-4.049564,-3.999675
-6.859721,-4.814243
-4.739087,-2.483327
-2.331947,-3.770367
-4.608739,-5.534371
-4.084369,-4.130077
-5.045043,-5.138218
-3.307673,-6.315727
-5.096644,-4.333252
-7.225141,-4.399073
-3.118135,-5.205074
-5.654528,-4.432792
-5.755291,-4.402488
-4.493688,-5.887450
-6.737656,-6.487092
-4.808831,-3.876667
-5.315048,-5.391655
-1.771515,-3.782196
-4.496328,-6.782760
-2.787022,-3.700641
-3.347962,-7.582236
-5.135306,-6.436650
-7.210932,-6.596522
-4.283390,-3.284703
-5.346130,-3.183841
-7.241134,-3.729644
-5.658098,-5.170417
-2.099030,-2.948177
-6.717519,-3.799903
-3.887387,-4.839674
-5.873185,-4.502714
-5.247543,-6.537905
-4.846361,-5.523649
-5.237407,-4.954640
-4.545240,-6.186848
-5.997821,-6.859244
-7.001984,-5.229237
-4.000320,-5.399170
-6.367029,-5.132509
-5.653549,-4.533921
-5.606611,-4.988762
-4.401951,-4.769176
-5.856735,-5.792285
-3.337280,-4.539487
-5.856791,-4.838495
-6.218235,-5.346937
-4.585080,-4.871277
-4.657275,-4.656689
-4.279091,-4.927240
-4.230688,-5.880585
-5.382372,-4.474288
-4.950932,-5.502398
-3.045806,-3.823582
-2.238239,-6.543703
-4.161779,-4.097716
-3.057249,-4.073135
-4.769561,-4.833628
-5.409178,-5.198127
-5.272016,-3.752703
-6.847408,-3.701177
-6.384527,-5.785529
-5.818799,-5.228501
-7.481388,-3.036468
-3.944924,-4.616847
-4.101568,-5.024976
-4.835115,-5.662866
-2.102268,-6.067816
-4.846317,-6.049320
-4.643378,-7.040030
-4.163664,-4.244225
-4.394162,-6.337869
-3.725884,-3.960193
-4.233589,-5.732146
-3.103992,-2.888800
-3.693076,-5.852238
-4.951812,-3.691845
-5.489742,-7.339641
-7.453860,-5.776265
-3.653395,-6.497430
-6.261730,-4.872980
-5.380863,-4.155638
-6.583500,-6.632293
-4.394417,-3.238309
-5.579817,-4.831168
-6.336288,-6.396514
-5.194336,-4.043649
-2.181603,-4.690642
-5.005410,-3.855790
-5.462340,-4.958757
-2.694682,-2.059673
-5.731449,-3.985963
-6.907956,-4.919562
-3.337251,-4.418598
-5.031472,-5.145353
-4.756714,-4.109824
-4.701874,-4.176795
-6.773543,-3.994115
-6.433671,-5.656525
-6.521311,-6.375366
-6.824961,-4.265908
-3.553371,-3.587763
-5.077539,-3.930136
-3.414377,-4.067780
-8.384305,-5.560759
-6.460098,-7.318726
-3.401021,-6.786503
-4.739845,-4.449761
-4.035680,-4.571403
-3.986699,-5.134055
-4.027184,-5.232900
-4.161109,-3.817579
-8.660940,-5.338829
-3.323884,-5.967016
-5.732750,-4.627765
-5.751332,-4.153541
-4.280670,-5.538694
-3.650318,-7.554539
-0.215711,-2.518748
-4.717698,-4.556121
-2.864955,-5.647561
-3.587842,-5.550418
-5.211230,-4.178801
-2.976113,-4.579376
-6.629966,-7.738823
-4.754220,-3.457475
-3.482095,-4.347324
-5.907834,-3.517048
-1.787319,-5.323477
-6.678556,-5.718344
-6.378140,-5.802871
-6.555343,-3.083638
-5.444052,-5.478030
-8.647228,-4.444592
-3.004561,-4.895190
-7.588653,-5.706976
-4.013152,-2.923434
-5.058902,-4.161598
-5.527914,-6.428573
-4.957496,-5.728365
-5.153974,-5.079078
-7.159107,-4.418976
-6.263599,-4.143920
-4.445449,-4.947478
-3.800998,-4.560415
-3.755268,-4.613209
-5.083476,-3.067343
-3.799211,-4.470193
-3.467667,-3.775656
-3.254225,-6.327118
-4.071325,-6.769667
-4.425503,-5.249673
-8.650534,-5.605525
-4.391322,-5.471939
-4.681721,-4.706501
-6.069212,-6.174776
-5.276368,-5.026524
-6.458874,-2.433409
-3.827961,-4.384719
-4.275163,-5.526274
-5.482226,-3.663901
-3.856358,-5.303968
-6.284951,-4.910160
-5.895574,-4.338059
-2.204093,-6.631785
-4.054152,-4.712345
-4.325900,-3.268571
-3.533092,-5.023194
-7.207251,-5.560361
-4.239402,-7.644366
-1.768718,-3.778959
-5.522162,-5.498200
-6.611739,-3.764813
-6.332040,-3.896800
-4.368510,-5.004178
-7.556802,-3.917580
-4.071924,-5.076681
-5.671096,-7.246751
-1.714498,-4.735620
-4.962988,-4.362651
-5.691366,-4.261031
-5.981175,-5.223605
-6.114448,-6.275435
-6.814817,-5.607130
-6.240191,-5.519465
-4.961959,-6.897233
-6.384497,-5.888862
-5.186799,-2.540513
-6.641658,-4.838165
-5.702125,-4.100595
-3.878229,-4.352005
-4.721733,-2.195188
-3.327749,-5.709529
-5.215499,-5.041204
-5.394736,-6.866876
-4.056437,-3.988846
-4.813559,-6.044593
-6.741426,-6.985768
-6.824292,-5.598388
-4.107734,-5.589390
-1.234533,-5.777349
-6.949521,-5.153798
-6.203592,-5.243364
-4.853067,-6.624295
-4.421005,-4.360461
-5.121999,-5.666899
-5.383134,-5.186670
-2.675120,-5.432508
-9.793060,-2.694407
-6.381172,-2.974473
-5.123664,-9.073501
-4.188491,-4.335502
-2.116820,-5.323973
-2.152943,-4.977586
-5.061964,-5.691097
-2.857657,-2.457626
-5.735554,-4.034819
-5.284219,-7.211882
-4.585722,-4.550496
-5.423731,-6.178890
-4.272627,-3.459340
-2.338879,-2.576882
-2.586046,-4.481550
-7.561319,-3.984915
-4.575559,-5.176298
0.004365,-5.788929
-2.577914,-4.151424
-4.686912,-2.459147
-5.918485,-3.019629
-4.134493,-4.152251
-4.162852,-3.937993
-3.240114,-5.098183
-3.579066,-6.265918
-3.761290,-5.378051
-6.384355,-3.725480
3.243904,-2.582196
3.384596,-2.753060
2.545476,-4.262097
5.590300,-3.339690
3.698325,1.242228
3.871685,-2.211771
4.568043,-0.781299
3.653652,-1.717126
3.574843,-3.184814
4.318602,-1.652948
3.011089,-2.969506
2.854129,-2.556975
2.101913,-2.704034
4.852885,-4.350404
5.091997,-0.910780
0.606371,-2.538929
4.730325,-2.710812
3.548604,-2.848380
1.412470,-2.592963
2.891754,-3.102453
2.360830,-1.412910
2.241250,0.152587
4.552805,0.984383
4.928226,-2.377409
3.770340,-1.593976
4.934693,-0.331463
3.910815,-2.464016
3.202107,-0.336474
2.644363,-2.111726
6.791645,-2.152997
5.735375,-1.047086
3.499448,-2.910254
5.174689,-4.126984
6.519564,-3.779838
2.159907,-0.234521
4.351691,-2.122501
2.113407,-1.122242
4.277253,-2.321832
4.586055,-3.011142
4.715349,-0.904922
2.305355,-2.946516
5.175994,-3.384010
4.037889,-1.738828
4.749260,-2.301741
4.473016,-1.832915
3.807210,-0.976748
3.631050,-1.643814
2.972151,-1.226175
2.334416,-2.612117
4.226016,-1.490621
3.065623,-3.696949
5.652223,-3.833962
5.193695,-0.743730
4.088245,-2.574057
4.291930,-0.924102
4.296224,-1.380329
3.829793,0.580573
3.427571,-0.579935
5.283726,-1.531344
3.658537,-2.944336
1.538509,-1.486193
4.140228,-1.969173
2.164905,-1.455819
2.478394,-1.298973
-0.510194,-2.513223
3.857796,-0.025222
3.779963,-4.044226
3.073202,-3.188369
2.880722,-2.775398
3.078120,-2.306144
3.829149,-5.225483
2.214423,-2.092062
4.588497,-3.124650
2.297045,-2.574641
4.074317,-1.085784
3.955940,-3.142127
4.282194,-2.419161
3.381691,-2.960652
6.116412,-3.125673
2.618719,-3.332447
4.263145,-2.956769
5.796784,-0.235611
4.527107,-1.292189
5.031268,-1.483204
1.979571,0.786965
1.859256,-0.658675
5.385157,-4.103880
2.830799,-2.494553
4.271102,-2.057539
3.935225,-1.859361
2.915363,-2.492769
4.066492,-1.703236
4.451694,-0.644196
3.292875,-4.637917
3.472255,-0.317036
2.324563,-1.718799
4.066691,-1.960348
3.987766,-0.636382
0.207027,-1.568862
-0.274599,-2.174488
3.577316,-1.088364
3.497770,-3.675845
3.108836,-0.534798
4.364543,-3.810903
4.206318,-2.701340
5.106526,-1.839363
6.525142,-1.165740
3.211099,-3.415120
2.573813,-3.500461
3.641241,-0.853179
5.120768,-1.520320
3.511537,-1.265702
6.189365,-3.610336
6.046658,-2.662098
2.679607,-1.914149
2.926058,-0.704021
2.574748,-3.902976
4.241458,-3.449741
2.901437,-1.146442
1.654362,-3.561283
3.102863,-2.791584
4.068706,-2.794443
3.406856,-2.340846
3.138315,-0.566356
2.070728,-2.832458
3.980130,-2.752216
4.817543,-2.953639
6.130681,-1.208316
6.201583,-3.264489
3.745791,-1.258379
6.373444,-1.052254
6.199272,-0.692478
4.142181,-2.061586
3.002236,-2.441633
5.006880,-1.439909
4.788072,-1.770329
4.493678,-2.291720
3.694642,-1.658694
2.944925,-2.384201
4.010376,-2.489539
3.875069,-1.676586
2.717595,-1.768021
3.275964,-2.363224
4.812085,-1.159716
4.092618,-1.469312
5.325097,-2.498927
2.943019,-2.487978
1.145972,-0.749615
3.092971,-3.339135
4.967218,-2.692005
6.777357,-1.697054
6.283079,-0.942687
5.172584,-0.903433
3.570654,-0.719573
2.737984,-2.556863
4.069913,-2.492167
2.364281,-0.612628
3.411661,-2.842235
3.409650,-1.760398
3.203491,0.489934
4.505209,-1.923215
4.204779,-0.887438
3.283722,0.025517
6.148978,-1.306946
5.084841,-0.718992
7.626717,-3.263146
5.352481,-4.133362
5.745296,-1.072275
2.029968,-3.502794
3.107546,-3.963003
2.412948,-2.397433
3.547577,-1.002999
3.141256,-2.441601
3.443568,-0.971636
4.198968,-1.438760
6.684799,-2.425249
3.884491,-2.145368
4.967051,-2.401054
5.568590,-1.979635
4.563936,-3.828518
4.843340,-3.036456
3.412202,-1.027887
4.404295,-2.540772
5.661143,-2.015552
7.998003,0.261646
5.353368,0.041431
2.827672,-1.704199
3.528459,-0.255207
5.024981,-3.808255
3.228199,-2.242185
4.607664,-1.318418
2.528729,-1.417261
5.737295,-1.038193
1.469948,-2.771060
4.413591,-0.996309
6.896271,-2.306102
2.168111,-0.385059
3.628773,-3.423804
1.923160,-2.537947
4.117791,-1.457620
6.314578,0.098161
8.646121,0.796678
5.311123,0.881065
6.837995,0.979536
6.256969,0.680941
11.964823,0.037666
9.919566,-0.100892
7.541095,-1.290555
8.733120,-0.263397
9.760659,2.574418
9.320934,0.705196
8.235389,-1.305093
9.531382,-1.282097
8.095225,-0.181289
8.103915,1.743221
8.811284,-1.447004
7.925826,0.795732
10.034518,0.794668
7.192560,1.025533
7.734422,2.083011
8.827717,-0.419809
9.637533,0.407544
9.474961,0.396258
9.435515,0.373588
7.979283,-0.033158
11.510576,1.813918
6.518506,1.740150
7.795642,-0.771347
12.847514,-1.234931
7.149957,0.596065
9.617999,1.648532
11.083346,-0.224054
8.521966,-1.029917
7.916188,2.182987
9.745450,-1.900684
7.149709,-0.958374
12.042527,-1.044602
8.711113,-0.354923
6.990427,-0.585020
8.772081,-0.141666
10.228529,-0.233384
8.758862,0.095304
8.969038,-0.412419
11.278495,2.185186
11.126723,0.270904
8.666838,-0.001972
9.609893,0.857631
10.787346,-0.379591
8.874410,-0.345171
10.009710,-2.137557
10.491174,2.384778
7.451057,-0.345324
6.670336,1.356834
6.836208,-0.843519
8.098293,0.392487
7.066189,-1.293903
9.017106,-2.726823
10.932567,1.069191
4.924327,-1.122534
9.203898,0.236380
8.608141,-1.960082
7.156741,-0.464919
10.790063,0.172032
7.333640,0.093301
9.238250,2.208323
8.147172,1.190037
7.228386,-1.253562
11.246428,0.031990
9.147128,-1.784182
9.525090,2.577631
11.694530,-0.738442
10.054941,0.862452
7.283767,-0.512962
8.539564,0.836302
8.447489,2.252646
7.184160,-1.021182
9.924945,2.269004
12.955072,1.331947
8.567612,-0.769874
6.928400,0.391157
7.833638,1.643319
8.940869,-0.231604
11.168773,-0.270772
11.022859,1.036935
8.099232,-1.054222
8.685902,-0.366998
7.898144,1.754867
9.536867,1.552462
9.714114,-1.522245
9.387481,2.900694
5.993186,-2.469057
7.620627,-0.869120
8.437888,-0.091684
11.394556,-0.163195
9.567248,-2.765168
9.875562,0.647545
8.053569,-1.531103
8.646380,1.274864
10.971823,0.348098
8.923848,-0.908432
8.351674,-1.223324
6.751715,-0.316509
8.639891,-0.868410
9.595505,-0.936164
11.740934,2.381115
8.609390,0.147888
7.176578,-2.625313
8.099142,-1.394142
8.569845,-0.285769
8.142924,-2.635617
10.836278,-0.666470
10.549177,-0.899031
7.903311,2.387419
6.885392,-1.053997
9.698514,0.156954
7.472267,0.195022
7.434724,1.164788
9.712280,0.769032
9.745588,1.497639
8.703455,-1.735551
9.254322,-1.376070
9.759550,-0.687897
7.175876,2.650356
8.140807,-2.932664
8.123374,1.182314
5.928785,0.080381
9.264447,-0.242929
10.372411,1.169873
7.689353,0.018535
7.539095,0.017736
8.948909,0.486048
7.265595,-0.601140
10.983992,-0.326057
10.766447,-0.162530
8.716493,0.182540
8.639004,-0.033223
7.181332,1.026569
10.244460,1.212568
10.445506,-0.986109
11.661989,-0.046980
6.900551,0.839874
10.251718,-0.665504
10.790487,-0.324122
7.583271,-0.250016
7.030751,-1.893233
8.592750,1.190444
9.706382,0.611667
9.172659,-1.066535
6.990248,0.617342
8.855945,-0.107592
5.996995,-0.845937
9.343097,1.357708
10.423945,-0.090446
8.815196,1.497103
9.345834,-1.116784
12.621963,1.168312
9.459200,-1.277312
8.735179,0.064274
10.386762,1.025962
7.945005,0.707872
7.808477,1.743247
9.538914,-1.395567
7.122380,0.195571
11.030512,1.577931
9.411479,-0.942018
10.775757,-0.269332
7.804870,1.182567
8.951350,0.014506
9.021300,-1.498824
10.795796,0.219752
8.110636,-0.589171
10.441415,-1.308994
10.486125,-0.201508
7.605315,0.154702
8.503097,0.144355
9.236788,-1.099407
11.127446,-4.304266
9.860030,0.706955
10.098317,0.439560
7.340105,0.196230
7.850785,-0.953335
9.005994,0.537806
11.055673,-0.131629
6.612554,-0.035377
8.152759,-0.868646
8.285810,0.676747
7.686269,0.501312
9.006561,-1.137687
7.696737,0.156613
8.912189,1.583764
6.734555,2.880364
8.480361,-1.951658
10.718187,0.703926
11.095313,-0.460646
8.059007,0.514513
8.871825,0.675365
9.022621,0.737133
5.071603,0.206117
7.665719,0.625857
7.787332,-1.512223
6.248023,7.992521
6.544738,8.237485
6.742121,9.390308
5.133521,8.179352
6.499284,10.295938
4.361784,9.030573
6.925480,10.406924
7.905438,11.109969
7.032461,7.385662
4.916287,9.449907
6.189431,8.010591
5.174634,7.215402
4.809093,8.973012
5.638075,9.008275
7.820231,10.329652
5.703770,10.003098
7.326832,9.443546
6.002811,9.185913
5.376264,9.059723
4.658614,8.205436
5.488096,10.058415
6.834216,8.396898
4.783380,7.699698
6.278937,7.038056
4.403362,8.943421
6.130907,6.402726
6.398731,10.816382
5.031651,9.990573
7.018684,8.764647
7.513124,9.977720
5.699000,9.252306
5.306306,9.911795
6.856610,10.590742
6.994547,9.112195
8.358395,6.881737
3.760187,8.360152
4.090657,8.353280
3.778203,5.488722
6.230936,6.743930
5.924578,9.903749
7.591558,7.413265
4.629498,9.638877
5.732611,8.657382
4.871684,9.206288
6.618174,8.359221
6.892753,8.938490
4.960154,7.901223
5.815833,6.211378
6.142174,7.495994
5.194520,7.910633
5.494660,11.305916
4.601294,10.765449
5.208951,9.397615
6.860231,8.019286
4.606079,8.104575
7.849559,9.434873
4.366299,7.919363
4.690232,7.365659
6.193682,9.512634
7.236132,8.229538
6.162519,8.098164
7.275285,7.682903
5.281876,9.010412
6.669247,9.383875
3.829673,8.826496
5.736784,8.037101
6.353040,6.410039
7.169503,8.788132
6.755358,9.256395
6.186843,10.189702
5.931107,8.914328
8.955939,11.922515
5.834254,8.913605
7.094263,7.101493
4.369365,7.558508
8.212164,9.819928
4.446114,7.776740
6.593737,9.224272
5.476415,8.848293
6.889964,8.629424
4.697509,9.106581
7.149392,10.490096
5.769371,8.056284
1.297917,7.330982
6.048829,8.625224
6.293759,8.956839
5.809680,8.102011
6.653239,7.350422
9.255128,8.678984
5.094262,9.671288
6.350415,9.774808
4.820221,7.856988
6.303237,9.890124
7.919030,8.174497
5.389612,8.648389
5.081434,10.220411
5.698559,8.138960
6.335905,10.750613
5.116647,8.378443
4.920530,9.310209
6.417498,9.641136
8.180998,10.809149
6.997872,9.947797
5.645363,8.774304
3.609493,10.044236
5.427494,10.021651
6.405205,7.819599
4.124112,8.890558
7.121867,9.375485
7.617281,7.258775
6.601115,8.228153
6.234442,9.745489
5.316866,9.560363
6.580028,8.794995
5.017413,8.817145
7.534117,9.446036
5.485329,9.073843
5.562790,10.601373
7.694609,7.509494
6.751589,9.310386
6.002367,9.375413
4.480871,7.547259
7.227351,9.397983
5.957369,11.121526
7.583884,7.431766
4.855117,7.806998
4.678827,7.334726
6.534711,8.165765
6.445366,9.369716
6.178186,8.284979
2.961661,7.819077
5.533569,10.297181
6.579998,8.126948
8.435519,6.596403
6.322393,6.320915
4.256709,8.743392
5.134809,10.332866
5.600782,9.794000
4.590312,8.768959
5.251467,6.397451
6.001211,8.566366
6.568207,8.984787
7.545646,9.820305
4.979504,10.240162
7.425379,8.989324
6.557804,6.970216
6.049805,9.492283
5.224783,7.199364
6.479316,9.707860
5.195199,5.644750
7.872730,6.902807
5.401044,9.034135
6.051011,6.176031
6.812464,9.617167
4.810095,8.165893
6.950435,7.010163
9.179031,10.212378
5.775478,6.075098
4.698122,8.882174
7.641225,8.201393
6.758267,8.938881
5.015902,8.584461
5.593780,8.293300
4.627408,7.203401
6.893709,10.919797
3.957548,7.944158
6.536313,9.208037
5.931926,9.977606
4.833153,11.138806
6.409280,8.363657
6.544234,9.302763
4.757300,5.249713
6.738008,9.930422
6.804399,10.153986
7.083686,8.764515
6.329406,10.983822
3.563100,9.815041
4.922359,10.206322
4.926265,9.275110
7.997572,8.969903
5.028087,7.018214
4.995507,8.445950
6.992036,8.923848
6.215185,10.147184
6.203150,7.893498
7.845420,10.869969
5.160001,9.901078
6.535678,8.729607
5.570872,9.164560
7.005908,10.125449
7.155036,8.805019
3.097803,8.980533
4.762506,7.567521
5.775306,7.440483
5.564086,9.084848
4.133657,10.184275
6.166112,6.800459
5.354912,10.928304
7.055108,8.165729
5.904834,8.987725
-10.969498,-4.406369
-8.879546,-6.244797
-9.122126,-5.766224
-11.686183,-5.132219
-8.568103,-4.697229
-8.400290,-5.309726
-6.960891,-4.966974
-10.198290,-8.504410
-8.661465,-3.133510
-10.651187,-8.259984
-10.167051,-5.243175
-9.694567,-5.622745
-10.139754,-4.249358
-10.394902,-2.374936
-12.541824,-6.457821
-9.678873,-3.812956
-10.089615,-4.956172
-9.059519,-8.004253
-8.709203,-6.044900
-9.463144,-4.284644
-6.688284,-5.579714
-9.959105,-4.979372
-9.864338,-3.641699
-8.316773,-5.346878
-7.840896,-4.926111
-9.465620,-4.227277
-10.329363,-6.848792
-10.007681,-7.709898
-12.851822,-3.966351
-10.346366,-4.467758
-7.164545,-5.564055
-9.253176,-5.695862
-10.317584,-3.150255
-12.862588,-6.332563
-9.913035,-4.851219
-9.815396,-4.248853
-12.575480,-4.321017
-11.201222,-6.122314
-12.847530,-6.776002
-11.311529,-8.039216
-10.586605,-5.172925
-9.345104,-2.555754
-8.861906,-4.648950
-10.895327,-6.427636
-11.490817,-4.763936
-8.984642,-7.053540
-8.692882,-6.999464
-8.972905,-2.737387
-10.232781,-3.881167
-12.015644,-5.286887
-9.821259,-6.466229
-12.043603,-3.280153
-11.425500,-6.328088
-10.972095,-5.866846
-11.706823,-6.147860
-11.457605,-7.424746
-10.618002,-4.995941
-9.734756,-4.027832
-8.287113,-3.897747
-8.533092,-7.106816
-7.901383,-6.637909
-12.616189,-4.282252
-12.258647,-4.283248
-10.039837,-5.519328
-10.242607,-7.213602
-7.798895,-4.679647
-10.888329,-6.510424
-9.415534,-5.540459
-9.533211,-7.755842
-12.110305,-3.417661
-9.230518,-6.102873
-10.078325,-5.760185
-10.870647,-3.564227
-9.539339,-3.579097
-11.564047,-6.353174
-7.843676,-6.721347
-9.668611,-4.737201
-9.962639,-2.957045
-10.777883,-4.322642
-10.123674,-4.213832
-8.820099,-3.211055
-10.363158,-6.256882
-11.289041,-7.373274
-8.918796,-5.679850
-10.427161,-5.876543
-9.844069,-4.617021
-8.178648,-3.690412
-10.708535,-4.086056
-8.632574,-3.251079
-8.313262,-7.060076
-9.858437,-4.412907
-9.508327,-3.520815
-10.816022,-3.350107
-8.840957,-4.192578
-9.572387,-6.075033
-10.068517,-6.609198
-8.014924,-5.650192
-9.434862,-5.795827
-9.580330,-6.491482
-8.253470,-2.627260
-11.223351,-1.920765
-8.773691,-4.436026
-11.444168,-2.303686
-11.547671,-3.514179
-12.406895,-2.750088
-9.986027,-6.481383
-9.314847,-6.808421
-9.680117,-4.607428
-11.387382,-2.049766
-13.049991,-4.520538
-11.903412,-5.352302
-9.713059,-4.875034
-9.855779,-1.812002
-9.265076,-5.548626
-11.668988,-3.802694
-11.921056,-5.948366
-8.641811,-5.103713
-9.155042,-4.253809
-9.222295,-4.707899
-10.630944,-7.285104
-10.288259,-7.378175
-9.834792,-6.114386
-10.086192,-4.238081
-11.437138,-5.999363
-11.290355,-5.277654
-11.082455,-4.836870
-9.872842,-4.541675
-9.116163,-5.530960
-12.291210,-4.566519
-10.268167,-8.296252
-10.329550,-5.336190
-10.080501,-6.736781
-7.539943,-2.788759
-10.555414,-2.576435
-10.074015,-5.150932
-10.101659,-3.510317
-10.624192,-4.021064
-8.217281,-4.145012
-8.308368,-4.571588
-8.479711,-4.026618
-11.757779,-6.849463
-11.620194,-4.480513
-13.322654,-4.195262
-11.875126,-4.437176
-11.279711,-6.099926
-7.541489,-6.073124
-9.409378,-5.036220
-8.896285,-5.366044
-7.161859,-6.885804
-7.865910,-4.358725
-10.334287,-5.133661
-9.571875,-4.814805
-8.858406,-3.941374
-10.947377,-4.216075
-9.722059,-5.568173
-9.090186,-5.004617
-11.286290,-3.426086
-9.439238,-4.879980
-12.809863,-2.275317
-11.170827,-5.661739
-9.638813,-4.327955
-8.644390,-3.526510
-8.292582,-5.339610
-9.399204,-6.265458
-8.942387,-2.859527
-10.124085,-4.242515
-11.902170,-2.303650
-10.424125,-5.754137
-8.541910,-5.190209
-11.559149,-6.142890
-12.652318,-4.490379
-10.159893,-6.505492
-9.458456,-4.750828
-8.866150,-3.159375
-9.875460,-5.345774
-8.598153,-5.915506
-10.616339,-6.174039
-10.301352,-4.599560
-9.817210,-5.318434
-9.897473,-4.376246
-9.469964,-5.652585
-11.424883,-7.445486
-8.870423,-3.935106
-8.609887,-4.771292
-9.284126,-4.773396
-9.171472,-4.753572
-9.406264,-6.855368
-7.457183,-4.964147
-9.642172,-5.114909
-10.956295,-4.685062
-11.474519,-4.451275
-8.994742,-7.561327
-11.547000,-6.099145
-8.014356,-7.556347
-11.447629,-4.955076
-11.019865,-2.242850
-10.091013,-5.624463
-11.234467,-5.388927
-10.955040,-6.907692
-9.006811,-6.389499
